{
  "hash": "62767635",
  "configHash": "906b07c9",
  "lockfileHash": "e3b0c442",
  "browserHash": "ee76d6c5",
  "optimized": {
    "@angular/core": {
      "src": "../../../../../node_modules/@angular/core/fesm2022/core.mjs",
      "file": "@angular_core.js",
      "fileHash": "8f6e72aa",
      "needsInterop": false
    },
    "@angular/forms": {
      "src": "../../../../../node_modules/@angular/forms/fesm2022/forms.mjs",
      "file": "@angular_forms.js",
      "fileHash": "81393871",
      "needsInterop": false
    },
    "@angular/platform-browser": {
      "src": "../../../../../node_modules/@angular/platform-browser/fesm2022/platform-browser.mjs",
      "file": "@angular_platform-browser.js",
      "fileHash": "1b0a68ea",
      "needsInterop": false
    },
    "@angular/common": {
      "src": "../../../../../node_modules/@angular/common/fesm2022/common.mjs",
      "file": "@angular_common.js",
      "fileHash": "8bc1c500",
      "needsInterop": false
    }
  },
  "chunks": {
    "chunk-RKJXWTST": {
      "file": "chunk-RKJXWTST.js"
    },
    "chunk-BLHJELLQ": {
      "file": "chunk-BLHJELLQ.js"
    }
  }
}