{
  "hash": "57f6dafa",
  "configHash": "81697f25",
  "lockfileHash": "e3b0c442",
  "browserHash": "4a3b6942",
  "optimized": {
    "@angular/core": {
      "src": "../../../../../node_modules/@angular/core/fesm2022/core.mjs",
      "file": "@angular_core.js",
      "fileHash": "000e746d",
      "needsInterop": false
    },
    "@angular/platform-browser": {
      "src": "../../../../../node_modules/@angular/platform-browser/fesm2022/platform-browser.mjs",
      "file": "@angular_platform-browser.js",
      "fileHash": "2337901f",
      "needsInterop": false
    },
    "@angular/common": {
      "src": "../../../../../node_modules/@angular/common/fesm2022/common.mjs",
      "file": "@angular_common.js",
      "fileHash": "7ccb6e73",
      "needsInterop": false
    }
  },
  "chunks": {
    "chunk-BVBDXOU7": {
      "file": "chunk-BVBDXOU7.js"
    },
    "chunk-YOJVXPEW": {
      "file": "chunk-YOJVXPEW.js"
    }
  }
}