{
  "hash": "df4cc376",
  "configHash": "6f055084",
  "lockfileHash": "e3b0c442",
  "browserHash": "efd855a2",
  "optimized": {
    "@angular/core": {
      "src": "../../../../../node_modules/@angular/core/fesm2022/core.mjs",
      "file": "@angular_core.js",
      "fileHash": "a6621f2c",
      "needsInterop": false
    },
    "@angular/forms": {
      "src": "../../../../../node_modules/@angular/forms/fesm2022/forms.mjs",
      "file": "@angular_forms.js",
      "fileHash": "3e1a4198",
      "needsInterop": false
    },
    "@angular/platform-browser": {
      "src": "../../../../../node_modules/@angular/platform-browser/fesm2022/platform-browser.mjs",
      "file": "@angular_platform-browser.js",
      "fileHash": "3da0c60a",
      "needsInterop": false
    }
  },
  "chunks": {
    "chunk-IRJ3URBH": {
      "file": "chunk-IRJ3URBH.js"
    },
    "chunk-BLHJELLQ": {
      "file": "chunk-BLHJELLQ.js"
    }
  }
}